text,user,location
Guia Prático Python &amp; Flask: Aprenda a criar aplicações web usando o mini framework mais usado na atualidade (Portu… https://t.co/cdqrg6DSAo,,
"Faltam apenas alguns dias para Kutiva Conf.

Compre o seu bilhete para o Kutiva Conf 2019 pelo teu celular utilizan… https://t.co/VOsDSd0XNx",Maputo,Maputo
Pandas explode index https://t.co/GWFaMPaqCp #python,,
"Não falo nada, só observo!
#python
#programminglife https://t.co/UbO64B5JYg","Porto Alegre, Brasil","Porto Alegre, Brasil"
Convite para o #Pyjamas 2019 https://t.co/115faAHk84 #grupysp #python #soudev,Brazil,Brazil
