text,user,location,followers
Mais um dia √©pico de #ccxp2019! E tamb√©m o √∫ltimo... Quero deixar um agradecimento enorme a todos que estiveram pre‚Ä¶ https://t.co/wyRHtYEAmJ,mariocau,"Campinas, Brazil",3726
"A Fera, o Urso e a Bela. #ccxp2019 em S√£o Paulo Expo https://t.co/7YXm7l8pqZ",JaumGodoy,S√£o Paulo,3984
"FOI √âPICO 

#ccxp2019 #SP https://t.co/MJwG5uNXB1",Meninooo_,Bras√≠lia,732
"Finalmente foto com o novo biriteiro, pai da podosfera brasileira, senhor Alexandre Otonni, o @jovemnerd. Lambda, l‚Ä¶ https://t.co/sbOr1k50eS",_renatofh,"Teresina, PI",365
Com a pan√ßa de quem comeu umas 15 caixas de biscoitos Scooby. #CCXP2019 em CCXP https://t.co/z5U3bcf6Ct,CaioGomesSantos,,24
"Onde eu fui amarrar meu jegue? 
#ccxp2019 #superhomem #thor 
thorbr jamesbrabo https://t.co/ODdufDtvBR",oespecialistacf,Bras√≠lia,326
"Itens novos da minha casa Corvinal üòé
#ccxp2019 #hogwarts #corvinal #ravenclaw https://t.co/jjzyb5N6o3",oespecialistacf,Bras√≠lia,326
Frase que resume o dia de hoje: Dif√≠cil de focar. #CCXP2019  #conceito @DolphoDevito https://t.co/NvRuGcpuIg,GabyWarhol,"Sao Paulo, Brazil",49
"Ser√° que foi sonho, ou esse hom√£o de a√ßo realmente deu as caras na #CCXP2019?! Kkk Ainda t√¥ passado com a chegada s‚Ä¶ https://t.co/SOGgmk81OJ",HugoGloss,Brazil,2469140
"Saiu o trailer!!!! June 4, 2020 ‚ù§
#GalGadot #CCXP2019 #WonderWoman  #MulherMaravilha1984 https://t.co/SZjdoVMmAP",Sheila35778966,"Garanhuns, Brasil",0
"E n√£o √© que fui trabalhar na #CCXP2019? Encontrei uma galera sensacional, inclusive!
#FoxTraducao #hbo‚Ä¶ https://t.co/ovjYtmag4O",CkzCaique,S√£o Paulo/Brasil,194
"Por que choras, Margot Robbie? √ìbvio que fui prestigiar essa mulher perfeita ontem! @Ray_Neon #ccxp2019 @ CCXP 2019 https://t.co/sGgYTCN6Z3",marcisantuness,,808
todos sobreviveram p√≥s pain√©is de s√°bado?? #CCXP19 #CCXP #CCXP2019,suckzvaldez,‚úø wakanda ,70
"N√£o se esque√ßa,
num mundo de simples mortais,
voc√™ √© uma mulher maravilha!

Me nota @GalGadot
.
.
.
.
.
.
.
.
.
.
.‚Ä¶ https://t.co/wPE1FSeOTV",Opaudacheetara,S√£o Paulo,242
os feelings p√≥s #CCXP2019 https://t.co/HmOyYDte5T,shhhiroyo,shhhaai - shhharts - shhhiroyo,366
Encontro de editores √©picos  no apagar das luzes da #Ccxp2019 @marcelodelgreco https://t.co/PXxdHlG62z,cassiusmedauar,Brasil,6504
"N√£o se esque√ßa,
num mundo de simples mortais,
voc√™ √© uma mulher maravilha!

Me nota @GalGadot
.
.
.
.
.
.
.
.
.
.
.‚Ä¶ https://t.co/z99hN3zDWo",Opaudacheetara,S√£o Paulo,242
"o verdadeiro significado de: mais que amigos, friends! ‚ù§Ô∏è‚òïÔ∏è‚ú® #ccxp2019 #CentralPerk @ CCXP 2019 https://t.co/M6IWtqIlKu",morilu,S√£o Paulo,5842
"Mandy maravilhosaaaaaa üíñ uma verdadeira fada, super simp√°tica

#CCXP #CCXP2019 #mandycandy em CCXP https://t.co/KWBtvwDLKI",_ellcristina,S√£o Paulo/Brasil,376
"Assim Foi Mais Um Ano √âpico... CCXP 19
At√© 2021 ‚ò∫Ô∏è‚ò∫Ô∏è‚ò∫Ô∏è Final Do Dia 4 üò≠
#CCXP #CCXP2019 #Feliz #BomDemais #Ferias‚Ä¶ https://t.co/48sztGBZLh",CaioSanBH,Belo Horizonte,885
Mais uma edi√ß√£o da #ccxp que chega ao fim #ccxp2019 #vivaoepico #hogwartsexpress #harryvsvoldemort #strangerthings‚Ä¶ https://t.co/DymmZK8QHU,_UmGarotoTimido,,296
Gente o @henrycavill @HenryCavillNews veio para a CCXP 2019 sem nem ter sido anunciado previamente!!! #CCXP2019‚Ä¶ https://t.co/xMCHj7pjRA,UrsulaMiele,Brazil,15
"Exausta, com dor no p√© e com fome. Mas foi √©pico! #CCXP2019",marizillo_,"S√£o Paulo, Brasil",115
"√â, foi mesmo √©pico! #ccxp2019 üñ§ em CCXP 2019 https://t.co/mJrRSdEwly",junior_marques,Belo Horizonte,340
"TCHAU, DESGRA√áA!!! üòÅüòçü§© #minasnerds #mulhermaravilha #warnerbros #ccxp2019 #cinema https://t.co/AiclkPWqzm",MinasNerds,"S√£o Paulo, Brasil",5657
"Visite a revista eletr√¥nica Supercomicnautas
https://t.co/RI72rUqViV

#CCXP #HBOnaCCXP #CCXP2019 #CCXP19  #geek‚Ä¶ https://t.co/U4A6bvQtyQ",supercomicnauta,,736
que perfei√ß√£o pqp #MulherMaravilha1984 #WW84 #CCXP2019 https://t.co/jxrafveJRF,joaodeivison,,733
Um pouco mais de #ccxp2019 ! J√° queremos a pr√≥xima!!! ü§ìüññü•∞ em CCXP 2019 https://t.co/q55TEphA0Y,Serginho_Limas,Sao Paulo,43
Jeitinho esperto de passar despercebido... #CCXP #CCXP2019 https://t.co/3Qu7FhAFG4,quemacontece,Brasil,431126
"JJ Abrams abra√ßou a causa da Perifacon!

#cinema #ccxp #nerd #perifacon #ccxp2019 #starwars #jjabrams #movies‚Ä¶ https://t.co/loUCvxBSto",FalaAnimalSite,"S√£o Paulo, Brasil",125
"Confira o primeiro trailer de Mulher-Maravilha 1984 
#MM84 #CCXP2019 #WW84 #WonderWoman1984 https://t.co/jxJmfrACK5",Erika_Barreto_,www.upandoavida.com,235
ryan reynolds falando que queria apagar um filme da carreira dele (serase eh lanterna verde?) #ccxp2019,isabellaftp,"S√£o Paulo, Brasil",63
todo o elenco de la casa de papel tamb√©m foi PERFEITO #ccxp2019,isabellaftp,"S√£o Paulo, Brasil",63
a hora que eu v√≠ aquele tamanho de homem que √© o henry cavill o cora√ß√£o parou #ccxp2019,isabellaftp,"S√£o Paulo, Brasil",63
"Quais series voc√™s est√£o gritando por noticia ?
Diz ai ! 

#HBOnaCCXP #CCXP19  #CCXP2019",CINECRITICA2,S√£o Jos√© do Rio Preto SP ,2
pensando no trailer de invoca√ß√£o do mal 3 at√© agora #CCXP2019,isabellaftp,"S√£o Paulo, Brasil",63
"Mais uma de ontem! Valeu, Fioras e HDR! Convers√™ rapidinho mas valeu a pena, seus lindos! #MDM #MDManas #ccxp2019 e‚Ä¶ https://t.co/bEA4QKLwKC",deamelo,"S√£o Paulo, Brasil",1033
Melhor equipe sim! Mais um evento finalizado ‚ù§Ô∏è #ccxp2019 @ CCXP https://t.co/VCY0HvKWX1,xtmnlvgd,,394
Ao infinito e al√©m üõ∏ #ccxp2019 em CCXP https://t.co/Oldy088gRW,FGuines,"Campinas, Brasil",296
Conferindo se t√£o tomando conta do meu carrinho direito #ccxp #ccxp2019 #batman80 #batman https://t.co/UmwYmNwzMI,jinsushi,,320
#wonderwoman1984 #ccxp2019 @ S√£o Paulo Expo https://t.co/RlpgDQobGp,Fabio_Targaryen,"Sao Paulo, Brazil",132
"Marcos Mion na #CCXP2019 kkkkk Em respeito ao Tefo, deixamos eles curtirem em paz  @marcosmion . O amamos (eu e meu‚Ä¶ https://t.co/7Hyr1Dze8G",dicasdadila,S√£o Paulo - SP,1340
"Nos preparando pro imprepar√°vel trailer de #wonderwoman1984 
#ccxp2019 @ S√£o Paulo Expo https://t.co/X83DoeuULt",Fabio_Targaryen,"Sao Paulo, Brazil",132
Olha s√≥ o carteiro na @CCXPoficial #CCXP2019 #CCXP19 @samirpalma @andirobadf @Gabriel_Chacon https://t.co/Bxpn9jH5Zw,reuberdiirr,"S√£o Paulo, Brasil",3225
#wonderfriends #ccxp2019 @ S√£o Paulo Expo https://t.co/Y69iLLIkEB,Fabio_Targaryen,"Sao Paulo, Brazil",132
"A mulher mais incr√≠vel do mundo #galgadot 
Quase faleci no trailer de #wonderwoman1984 
#ccxp2019 @ S√£o Paulo Expo https://t.co/VHiu7HUMtO",Fabio_Targaryen,"Sao Paulo, Brazil",132
"A mano, s√≥ queria ter ido na #CCXP2019",fehsf_ofc,"S√£o Paulo, Brasil",36
"GAL GADOT √â O ANJO SEM ASAS VCS N√ÉO TEM NO√á√ÉOOOOO PUTAMERDA ‚ù£
#CCXP2019 #WW84 https://t.co/BFvCIS2rFJ",astrangerwizard,‚àû 19.01.2019 ‚àû,2018
2020 as mulheres dominar√£o o cinema :)  #CCXP2019,wtfyoung,Star City,959
"#CCXP2019 Professora Gravat√°, libera as notas de processo do trabalho!!! Estou na ccxp ansioso por esta nota.",lamorim94l,"Rio de Janeiro, Brasil",18
